{"epoch":15,"valid_loss":0.8016677238047123,"valid_acc":80.80000305175781,"train_acc":99.98749542236328,"train_loss":0.0036772385402213015,"_runtime":228.03996144,"_wandb":{"runtime":228},"_step":14,"_timestamp":1.7450412471662505e+09}