{"train_acc":99.91248321533203,"_timestamp":1.7450390475567663e+09,"train_loss":0.005202088203828131,"_step":14,"valid_loss":0.8604013361036777,"_wandb":{"runtime":226},"_runtime":226.250506846,"epoch":15,"valid_acc":79.70000457763672}