{"valid_loss":0.7008571866899729,"train_loss":0.0050231067810673265,"train_acc":99.91248321533203,"valid_acc":84.5999984741211,"_wandb":{"runtime":211},"_step":14,"epoch":15,"_timestamp":1.7450376910252402e+09,"_runtime":211.400197924}