{"valid_acc":49.20000076293945,"train_loss":2.279323335647583,"train_acc":49.53118896484375,"_runtime":39.305565891,"epoch":3,"_wandb":{"runtime":47},"_timestamp":1.7450017907430549e+09,"_step":2,"valid_loss":2.2891422510147095}