{"train_loss":0.003182550935074687,"_step":9,"_timestamp":1.744999704089406e+09,"epoch":10,"valid_loss":0.9810001435689628,"_wandb":{"runtime":144},"train_acc":99.92498779296875,"valid_acc":82.90000915527344,"_runtime":144.071603276}