{"_runtime":214.091501545,"valid_acc":84.9000015258789,"train_acc":99.8249740600586,"_timestamp":1.7450368077188442e+09,"_step":14,"train_loss":0.009383668222464621,"_wandb":{"runtime":214},"valid_loss":0.5862946298439056,"epoch":15}