{"train_loss":1.8123203421395921,"_runtime":152.671541185,"epoch":10,"valid_loss":1.8848173841834068,"train_acc":31.92898941040039,"valid_acc":32.70000076293945,"_wandb":{"runtime":152},"_step":9,"_timestamp":1.7450354890286462e+09}