{"train_loss":0.0031853103745379486,"valid_acc":83.00000762939453,"epoch":10,"valid_loss":0.8933922108262777,"_wandb":{"runtime":143},"_timestamp":1.74503636653425e+09,"_step":9,"train_acc":99.93748474121094,"_runtime":143.401081062}