{"_step":14,"_wandb":{"runtime":209},"train_acc":92.62407684326172,"train_loss":0.2931037204606192,"valid_acc":80.75000762939453,"_runtime":209.21507289,"_timestamp":1.7450386031717603e+09,"valid_loss":0.6025804337114096,"epoch":15}