{"valid_loss":0.6020093262195587,"epoch":15,"train_loss":0.2978385850077584,"_step":14,"valid_acc":81.1500015258789,"train_acc":92.18651580810547,"_timestamp":1.745041460506197e+09,"_runtime":210.109810211,"_wandb":{"runtime":210}}