{"train_loss":0.31591876678996617,"_timestamp":1.7450397112771108e+09,"_runtime":209.221239195,"valid_loss":0.5989075116813183,"epoch":15,"_step":14,"train_acc":91.8489761352539,"_wandb":{"runtime":209},"valid_acc":81.25000762939453}