{"_timestamp":1.7449995526729472e+09,"epoch":10,"_runtime":135.578772626,"_wandb":{"runtime":135},"_step":9,"train_loss":0.5906176810264587,"valid_loss":0.635711133480072,"train_acc":82.96036529541016,"valid_acc":80.1500015258789}