{"_timestamp":1.7450356969400578e+09,"_runtime":201.684553209,"_step":14,"valid_loss":0.600004531443119,"train_acc":92.2740249633789,"epoch":15,"_wandb":{"runtime":201},"train_loss":0.3019734429461615,"valid_acc":81.35000610351562}