{"train_loss":0.10116732161906031,"valid_acc":80.55000305175781,"_step":14,"train_acc":98.0997543334961,"_runtime":206.882110747,"valid_loss":0.6871682107448578,"_timestamp":1.7450388164117825e+09,"epoch":15,"_wandb":{"runtime":207}}