{"train_acc":99.8749771118164,"valid_acc":79.6500015258789,"_wandb":{"runtime":227},"_step":14,"_runtime":227.099121594,"epoch":15,"train_loss":0.005785428759981952,"valid_loss":0.8878974467515945,"_timestamp":1.7450381561829758e+09}