{"_step":14,"train_loss":0.06162883642883528,"valid_acc":79.85000610351562,"_timestamp":1.7450416763277516e+09,"train_acc":99.09988403320312,"_wandb":{"runtime":208},"_runtime":208.577982231,"valid_loss":0.7437242530286312,"epoch":15}