{"_timestamp":1.745041006728893e+09,"valid_loss":0.8374623991549015,"train_loss":0.00517348024535865,"train_acc":99.8749771118164,"epoch":15,"_wandb":{"runtime":230},"valid_acc":81.25000762939453,"_runtime":230.711310271,"_step":14}