{"_wandb":{"runtime":210},"_runtime":210.613180568,"valid_loss":0.7715244819410145,"_timestamp":1.7450372574113443e+09,"_step":14,"train_loss":0.004361936658155173,"train_acc":99.94998931884766,"valid_acc":84.4000015258789,"epoch":15}