{"train_acc":92.11151123046875,"valid_acc":81.1500015258789,"_runtime":205.392721277,"_step":14,"valid_loss":0.6017198376357555,"_timestamp":1.7450399245804827e+09,"_wandb":{"runtime":206},"train_loss":0.2977529487439564,"epoch":15}