{"_runtime":227.964078587,"_timestamp":1.7450370430551944e+09,"train_acc":99.93748474121094,"epoch":15,"train_loss":0.00478047366061854,"valid_acc":82.00000762939453,"_step":14,"_wandb":{"runtime":228},"valid_loss":0.8214868381619453}