{"valid_loss":0.872105062007904,"_timestamp":1.7450383895650969e+09,"valid_acc":83.70000457763672,"_runtime":228.101218305,"epoch":15,"_step":14,"train_loss":0.0010223203412135177,"train_acc":99.98749542236328,"_wandb":{"runtime":228}}