{"Prediction Grid":{"sha256":"f146a39b1857e88edb3f0fe35dd42d29df05023047c66af4d99982781d7eebd6","size":3873952,"path":"media/images/Prediction Grid_19_f146a39b1857e88edb3f.png","format":"png","width":1200,"height":3000,"_type":"image-file"},"val_loss":2.1019247524322027,"_runtime":14.509016307,"test_accuracy":37.75,"_step":20,"_wandb":{"runtime":14},"train_loss":2.115519009113312,"epoch":15,"Confusion Matrix":{"size":66451,"path":"media/images/Confusion Matrix_20_a1f179b19f168da4b63b.png","format":"png","width":1000,"height":800,"_type":"image-file","sha256":"a1f179b19f168da4b63befa4c7ccb98c88e882c9a6937c90730a34e36182923d"},"val_acc":0.369,"_timestamp":1.7450652947289212e+09,"train_acc":0.3456682085260658}