{"train_loss":0.3064875181705233,"valid_acc":80.55000305175781,"valid_loss":0.6096907258033752,"_runtime":140.605309649,"epoch":10,"_timestamp":1.74504054616052e+09,"_step":9,"_wandb":{"runtime":140},"train_acc":91.91148376464844}