{"valid_loss":0.6027965378016233,"_runtime":135.584722368,"_step":9,"_timestamp":1.7450358454879394e+09,"_wandb":{"runtime":135},"train_loss":0.3223855135932801,"train_acc":91.96149444580078,"epoch":10,"valid_acc":81.25000762939453}