{"epoch":10,"train_loss":2.126794273891146,"valid_loss":2.1426726430654526,"valid_acc":18,"_wandb":{"runtime":154},"train_acc":17.86473274230957,"_step":9,"_runtime":154.377470733,"_timestamp":1.7450362196598055e+09}