{"train_acc":0.4680585073134142,"val_loss":2.050842259079218,"_timestamp":1.7447560368594348e+09,"_step":14,"epoch":15,"_wandb":{"runtime":1},"train_loss":1.9988361902236935,"val_acc":0.416,"_runtime":894.935706806}