{"_wandb":{"runtime":71},"valid_acc":81.25000762939453,"_timestamp":1.7449997767221727e+09,"epoch":5,"_runtime":67.552451599,"valid_loss":0.61105025280267,"_step":4,"train_acc":79.80996704101562,"train_loss":0.6178889279365539}