{"_runtime":214.631442908,"_timestamp":1.7450365863978899e+09,"epoch":15,"valid_acc":83.4000015258789,"valid_loss":0.8483337932266295,"_wandb":{"runtime":215},"_step":14,"train_acc":99.99999237060547,"train_loss":0.0005494880804326385}