{"train_acc":99.93748474121094,"valid_acc":80.85000610351562,"_step":14,"valid_loss":0.8540813587605953,"_timestamp":1.7450403996125314e+09,"_runtime":227.849981367,"train_loss":0.004527431531136649,"_wandb":{"runtime":227},"epoch":15}