{"_wandb":{"runtime":215},"train_acc":99.96249389648438,"_runtime":214.674635227,"train_loss":0.0016570599035767373,"_timestamp":1.7450407680733583e+09,"valid_loss":0.9034579265862703,"valid_acc":83.6500015258789,"epoch":15,"_step":14}