{"epoch":15,"train_loss":0.005737794715622883,"_runtime":228.824592731,"valid_loss":0.8668533936142921,"_step":14,"train_acc":99.88748168945312,"_timestamp":1.7450401594758873e+09,"_wandb":{"runtime":228},"valid_acc":79.30000305175781}