{"_wandb":{"runtime":208},"valid_loss":0.6857420206069946,"train_loss":0.11616656290633338,"valid_acc":79.75,"epoch":15,"_runtime":208.977749945,"train_acc":97.01212310791016,"_step":14,"_timestamp":1.7450374723857346e+09}