{"valid_acc":20.55000114440918,"train_loss":2.2867198898678733,"_step":14,"epoch":15,"_timestamp":1.7450360593655288e+09,"train_acc":20.440053939819336,"_wandb":{"runtime":201},"valid_loss":2.2867967784404755,"_runtime":201.665903527}