{"_timestamp":1.7447560368594348e+09,"val_loss":2.050842259079218,"val_acc":0.416,"train_acc":0.4680585073134142,"epoch":15,"train_loss":1.9988361902236935,"_step":14,"_runtime":894.935706806,"_wandb":{"runtime":1}}