{"valid_acc":80.55000305175781,"_timestamp":1.7450379248291297e+09,"train_loss":0.006071945595081955,"_runtime":228.52233523,"epoch":15,"train_acc":99.91248321533203,"_wandb":{"runtime":228},"valid_loss":0.8195757940411568,"_step":14}