{"_runtime":196.724650967,"train_loss":0.38496159374713895,"_timestamp":1.745001747544025e+09,"epoch":15,"_wandb":{"runtime":196},"valid_loss":0.5839256155304611,"train_acc":88.38603973388672,"_step":14,"valid_acc":81.10000610351562}