{"valid_loss":0.7626372687518597,"train_loss":0.0212310070859357,"_wandb":{"runtime":230},"train_acc":99.59994506835938,"_timestamp":1.7450394941100707e+09,"_step":14,"epoch":15,"valid_acc":79.55000305175781,"_runtime":229.39014871}