{"_runtime":205.804845958,"_step":14,"epoch":15,"train_loss":0.33901510919843403,"_timestamp":1.7450392592694485e+09,"_wandb":{"runtime":205},"train_acc":90.62382507324219,"valid_loss":0.5891104117035866,"valid_acc":81.60000610351562}